Date,Adj Close
2007-04-23,19.853
2007-04-24,19.8524
2007-04-25,19.7465
2007-04-26,19.8399
2007-04-27,19.7067
2007-04-30,19.5723
2007-05-02,19.7464
2007-05-03,19.7331
2007-05-04,20.0112
2007-05-07,20.0913
2007-05-08,19.9847
2007-05-09,19.9584
2007-05-10,20.0239
2007-05-11,19.7315
2007-05-14,19.7581
2007-05-15,19.6921
2007-05-16,19.7059
2007-05-17,19.7857
2007-05-18,19.6522
2007-05-21,19.7448
2007-05-22,19.6383
2007-05-23,19.8366
2007-05-24,19.7838
2007-05-25,19.5041
2007-05-28,19.3715
2007-05-29,19.3841
2007-05-30,19.2773
2007-05-31,18.8527
2007-06-01,19.357
2007-06-04,19.3418
2007-06-05,19.3147
2007-06-06,19.354
2007-06-07,19.2326
2007-06-08,19.06
2007-06-11,19.0345
2007-06-12,19.1671
2007-06-13,19.4066
2007-06-14,19.8465
2007-06-15,20.2965
2007-06-20,21.0666
2007-06-21,21.0679
2007-06-22,20.548
2007-06-23,20.5614
2007-06-25,20.7202
2007-06-26,20.6684
2007-06-27,20.5358
2007-06-28,20.6947
2007-06-29,20.6155
2007-07-02,20.9078
2007-07-03,21.3469
2007-07-04,21.2932
2007-07-05,21.4248
2007-07-06,21.4237
2007-07-09,21.9803
2007-07-10,22.0062
2007-07-11,21.7679
2007-07-12,22.473
2007-07-13,22.4461
2007-07-16,22.8547
2007-07-17,22.9369
2007-07-18,23.2455
2007-07-19,22.8173
2007-07-20,22.8445
2007-07-23,22.8285
2007-07-24,22.9904
2007-07-25,22.7903
2007-07-26,22.4971
2007-07-27,21.291
2007-07-30,20.9829
2007-07-31,21.4213
2007-08-01,20.1889
2007-08-02,20.444
2007-08-03,20.6434
2007-08-06,20.352
2007-08-07,20.1652
2007-08-08,20.7933
2007-08-09,20.82
2007-08-10,19.738
2007-08-13,19.834
2007-08-14,20.0615
2007-08-15,19.193
2007-08-16,18.444
2007-08-17,17.989
2007-08-20,19.0884
2007-08-21,19.1657
2007-08-22,19.2588
2007-08-23,19.8338
2007-08-24,19.3529
2007-08-27,19.3256
2007-08-28,19.0874
2007-08-29,18.6876
2007-08-30,19.1267
2007-08-31,19.9673
2007-09-03,19.4435
2007-09-04,19.4045
2007-09-05,19.3368
2007-09-06,19.7235
2007-09-07,19.6962
2007-09-10,19.52
2007-09-11,19.5863
2007-09-12,19.7049
2007-09-13,19.7859
2007-09-14,20.1729
2007-09-17,19.8783
2007-09-19,19.7364
2007-09-20,19.5245
2007-09-21,19.1255
2007-09-26,19.5262
2007-09-27,20.2641
2007-09-28,20.1421
2007-09-29,20.3951
2007-10-01,20.5555
2007-10-02,21.1195
2007-10-03,21.4916
2007-10-04,21.1205
2007-10-05,21.3569
2007-10-08,21.7834
2007-10-09,21.5794
2007-10-11,21.8622
2007-10-12,21.1239
2007-10-15,21.4708
2007-10-16,21.5245
2007-10-17,21.1422
2007-10-18,21.1632
2007-10-19,21.1397
2007-10-22,20.3725
2007-10-23,20.6826
2007-10-24,20.4286
2007-10-25,21.071
2007-10-26,21.0988
2007-10-29,21.8071
2007-10-30,21.5668
2007-10-31,21.3808
2007-11-01,21.0709
2007-11-02,20.4127
2007-11-05,20.2933
2007-11-06,20.1058
2007-11-07,20.5159
2007-11-08,19.709
2007-11-09,20.083
2007-11-12,20.0356
2007-11-13,20.0103
2007-11-14,20.2549
2007-11-15,20.136
2007-11-16,19.8722
2007-11-19,19.9945
2007-11-20,19.8986
2007-11-21,19.2217
2007-11-22,19.4107
2007-11-23,19.1958
2007-11-26,19.7712
2007-11-27,19.5152
2007-11-28,19.436
2007-11-29,19.9955
2007-11-30,20.1719
2007-12-03,20.1663
2007-12-04,20.0712
2007-12-05,20.0579
2007-12-06,20.1697
2007-12-07,20.3941
2007-12-10,20.1269
2007-12-11,20.3026
2007-12-12,19.9151
2007-12-13,19.4189
2007-12-14,19.3505
2007-12-17,18.7888
2007-12-18,18.6308
2007-12-19,19.0292
2007-12-20,18.5588
2007-12-21,18.68
2007-12-24,18.9774
2007-12-25,18.9527
2007-12-26,19.0054
2007-12-27,19.5411
2007-12-28,19.8377
2007-12-31,19.9052
2008-01-02,19.204
2008-01-03,18.9336
2008-01-04,19.7778
2008-01-07,19.3289
2008-01-08,20.0257
2008-01-09,20.2405
2008-01-10,20.0257
2008-01-11,19.9453
2008-01-14,20.9653
2008-01-15,22.3924
2008-01-16,22.5682
2008-01-17,22.5573
2008-01-18,22.7037
2008-01-21,22.6479
2008-01-22,21.1137
2008-01-23,20.5376
2008-01-24,21.3536
2008-01-25,21.6471
2008-01-28,20.7112
2008-01-29,21.0764
2008-01-30,20.8444
2008-01-31,21.2232
2008-02-01,21.5536
2008-02-12,21.2693
2008-02-13,21.5095
2008-02-14,22.1839
2008-02-15,22.1454
2008-02-18,21.8628
2008-02-19,22.16
2008-02-20,21.4475
2008-02-21,22.251
2008-02-22,22.6089
2008-02-25,23.1355
2008-02-26,23.4967
2008-02-27,23.7803
2008-02-29,23.4824
2008-03-03,23.0286
2008-03-04,23.352
2008-03-05,23.1509
2008-03-06,23.3782
2008-03-07,22.7914
2008-03-10,21.8319
2008-03-11,22.3554
2008-03-12,22.5312
2008-03-13,22.0374
2008-03-14,21.8568
2008-03-17,21.7173
2008-03-18,21.6533
2008-03-19,22.3783
2008-03-20,23.5025
2008-03-21,24.1963
2008-03-24,25.353
2008-03-25,24.9517
2008-03-26,25.4356
2008-03-27,24.6032
2008-03-28,24.5937
2008-03-31,24.328
2008-04-01,23.7227
2008-04-02,24.5293
2008-04-03,24.0365
2008-04-07,24.5723
2008-04-08,24.2363
2008-04-09,24.0996
2008-04-10,24.5831
2008-04-11,25.4095
2008-04-14,25.3833
2008-04-15,25.5836
2008-04-16,26.3443
2008-04-17,26.1562
2008-04-18,26.1546
2008-04-21,25.5932
2008-04-22,25.3931
2008-04-23,25.2981
2008-04-24,25.3139
2008-04-25,25.1244
2008-04-28,25.6755
2008-04-29,25.106
2008-04-30,25.1179
2008-05-02,25.5509
2008-05-05,24.7827
2008-05-06,24.4629
2008-05-07,24.5414
2008-05-08,24.419
2008-05-09,23.8961
2008-05-12,23.8681
2008-05-13,24.4881
2008-05-14,24.485
2008-05-15,25.2069
2008-05-16,25.2197
2008-05-19,25.4479
2008-05-20,24.4986
2008-05-21,24.2563
2008-05-22,24.2539
2008-05-23,23.8934
2008-05-26,23.7179
2008-05-27,23.9046
2008-05-28,23.4341
2008-05-29,23.7269
2008-05-30,24.0414
2008-06-02,24.115
2008-06-03,23.4991
2008-06-04,23.3806
2008-06-05,23.6349
2008-06-06,23.5791
2008-06-09,22.9803
2008-06-10,22.1887
2008-06-11,22.3082
2008-06-12,21.4612
2008-06-13,21.7948
2008-06-16,22.3973
2008-06-17,22.4447
2008-06-18,22.4323
2008-06-19,22.0039
2008-06-20,21.4692
2008-06-23,21.6275
2008-06-24,21.4002
2008-06-25,21.9374
2008-06-26,21.7389
2008-06-27,21.0063
2008-06-30,21.3498
2008-07-01,20.6338
2008-07-02,19.6544
2008-07-03,19.518
2008-07-04,18.9278
2008-07-07,19.4638
2008-07-08,18.5041
2008-07-09,18.5604
2008-07-10,18.7129
2008-07-11,18.8794
2008-07-14,18.2702
2008-07-15,17.2767
2008-07-16,17.2347
2008-07-17,18.135
2008-07-18,17.5548
2008-07-21,18.4372
2008-07-22,18.4348
2008-07-23,19.3368
2008-07-24,19.3906
2008-07-25,18.5593
2008-07-29,17.6872
2008-07-30,17.6056
2008-07-31,17.4851
2008-08-01,17.3881
2008-08-04,17.3884
2008-08-05,16.7236
2008-08-06,17.2725
2008-08-07,16.7093
2008-08-08,17.4527
2008-08-11,17.8073
2008-08-12,17.6598
2008-08-13,17.4796
2008-08-14,17.559
2008-08-15,17.254
2008-08-18,16.223
2008-08-19,16.287
2008-08-20,16.4644
2008-08-21,15.9755
2008-08-22,16.0061
2008-08-25,16.5719
2008-08-26,16.5047
2008-08-27,16.7041
2008-08-28,16.7178
2008-08-29,16.9781
2008-09-01,16.4616
2008-09-02,16.6332
2008-09-03,16.1963
2008-09-04,15.3923
2008-09-05,15.2052
2008-09-08,16.2427
2008-09-09,16.1548
2008-09-10,16.5807
2008-09-11,15.922
2008-09-12,16.286
2008-09-15,15.2637
2008-09-16,14.2181
2008-09-17,14.6227
2008-09-18,13.7188
2008-09-19,14.545
2008-09-22,15.33
2008-09-23,15.4738
2008-09-24,15.2173
2008-09-25,15.4659
2008-09-26,15.3338
2008-09-30,14.9344
2008-10-01,14.6289
2008-10-02,14.5659
2008-10-03,14.639
2008-10-06,13.7591
2008-10-07,13.6298
2008-10-08,12.7347
2008-10-09,12.4249
2008-10-13,12.0048
2008-10-14,12.8354
2008-10-15,12.7168
2008-10-16,12.3032
2008-10-17,12.033
2008-10-20,11.7313
2008-10-21,11.3433
2008-10-22,11.0695
2008-10-23,10.7069
2008-10-24,10.3444
2008-10-27,9.62791
2008-10-28,9.36839
2008-10-29,9.09861
2008-10-30,9.71858
2008-10-31,10.3815
2008-11-03,10.9814
2008-11-04,11.0306
2008-11-05,11.5975
2008-11-06,10.8815
2008-11-07,11.2072
2008-11-10,11.1497
2008-11-11,10.6558
2008-11-12,10.6954
2008-11-13,10.1879
2008-11-14,10.1238
2008-11-17,10.3409
2008-11-18,10.4897
2008-11-19,10.5131
2008-11-20,9.91098
2008-11-21,9.92225
2008-11-24,10.0148
2008-11-25,10.5445
2008-11-26,10.4898
2008-11-27,11.173
2008-11-28,11.2366
2008-12-01,11.983
2008-12-02,11.3934
2008-12-03,11.3112
2008-12-04,10.805
2008-12-05,10.9315
2008-12-08,11.6758
2008-12-09,12.2023
2008-12-10,12.9025
2008-12-11,12.8889
2008-12-12,12.0888
2008-12-15,12.7269
2008-12-16,12.8823
2008-12-17,12.9067
2008-12-18,12.8872
2008-12-19,12.5725
2008-12-22,12.2079
2008-12-23,11.9107
2008-12-24,12.1738
2008-12-25,12.0923
2008-12-26,12.0517
2008-12-29,12.1248
2008-12-30,12.7231
2008-12-31,12.7432
2009-01-05,12.9904
2009-01-06,12.7474
2009-01-07,12.8848
2009-01-08,12.0019
2009-01-09,11.493
2009-01-10,11.2768
2009-01-12,10.8388
2009-01-13,11.1693
2009-01-14,11.346
2009-01-15,10.5821
2009-01-16,10.5243
2009-01-17,10.723
2009-01-19,10.8288
2009-01-20,10.3151
2009-01-21,10.4512
2009-02-02,9.99331
2009-02-03,10.3987
2009-02-04,10.5188
2009-02-05,10.3857
2009-02-06,10.5831
2009-02-09,10.4068
2009-02-10,10.6439
2009-02-11,10.6838
2009-02-12,10.3718
2009-02-13,10.7054
2009-02-16,10.5382
2009-02-17,10.4186
2009-02-18,10.4704
2009-02-19,10.308
2009-02-20,10.0462
2009-02-23,10.0047
2009-02-24,10.0059
2009-02-25,10.573
2009-02-26,10.5819
2009-02-27,10.672
2009-03-02,10.0015
2009-03-03,10.05
2009-03-04,10.0578
2009-03-05,10.4744
2009-03-06,10.3621
2009-03-09,10.3837
2009-03-10,10.5325
2009-03-11,11.0129
2009-03-12,10.8315
2009-03-13,11.2772
2009-03-16,11.6304
2009-03-17,11.8678
2009-03-18,11.8942
2009-03-19,12.164
2009-03-20,11.6432
2009-03-23,12.0544
2009-03-24,12.5046
2009-03-25,12.6065
2009-03-26,12.7735
2009-03-27,13.2243
2009-03-30,12.3846
2009-03-31,12.2536
2009-04-01,12.739
2009-04-02,13.478
2009-04-03,13.9875
2009-04-06,14.1143
2009-04-07,14.0415
2009-04-08,13.1233
2009-04-09,13.6735
2009-04-10,13.8153
2009-04-13,13.9438
2009-04-14,14.2347
2009-04-15,14.358
2009-04-16,15.1064
2009-04-17,14.3823
2009-04-20,14.623
2009-04-21,14.6614
2009-04-22,14.7854
2009-04-23,14.3716
2009-04-24,14.5452
2009-04-27,13.8116
2009-04-28,13.565
2009-04-29,13.8601
2009-04-30,14.8099
2009-05-04,15.8396
2009-05-05,16.6015
2009-05-06,17.5065
2009-05-07,18.1383
2009-05-08,18.053
2009-05-11,18.719
2009-05-12,17.5352
2009-05-13,17.6057
2009-05-14,16.9533
2009-05-15,17.8155
2009-05-18,18.0378
2009-05-19,18.3023
2009-05-20,18.2846
2009-05-21,18.4532
2009-05-22,18.1594
2009-05-25,18.457
2009-05-26,17.8475
2009-05-27,18.8819
2009-06-01,19.1856
2009-06-02,19.3498
2009-06-03,19.0162
2009-06-04,18.7521
2009-06-05,18.5269
2009-06-06,18.7615
2009-06-08,17.6238
2009-06-09,16.9051
2009-06-10,16.8104
2009-06-11,17.3107
2009-06-12,16.8785
2009-06-15,16.4034
2009-06-16,16.1128
2009-06-17,16.3318
2009-06-18,16.1737
2009-06-19,16.2995
2009-06-22,16.4111
2009-06-23,15.9472
2009-06-24,17.0568
2009-06-25,17.349
2009-06-26,17.3842
2009-06-29,17.5608
2009-06-30,17.3166
2009-07-01,17.7549
2009-07-02,18.1438
2009-07-03,18.6099
2009-07-06,18.2207
2009-07-07,18.4691
2009-07-08,18.1037
2009-07-09,18.2944
2009-07-10,18.2879
2009-07-13,17.0844
2009-07-14,17.1888
2009-07-15,17.5965
2009-07-16,17.9115
2009-07-17,18.2879
2009-07-20,18.9231
2009-07-21,19.0913
2009-07-22,18.9316
2009-07-23,18.7675
2009-07-24,18.6137
2009-07-27,18.7909
2009-07-28,18.75
2009-07-29,18.447
2009-07-30,18.1513
2009-07-31,18.2599
2009-08-03,18.2469
2009-08-04,18.2636
2009-08-05,17.3886
2009-08-06,17.6084
2009-08-10,17.6152
2009-08-11,17.5321
2009-08-12,17.2508
2009-08-13,17.87
2009-08-14,17.7798
2009-08-17,17.314
2009-08-18,16.9098
2009-08-19,16.9113
2009-08-20,16.5037
2009-08-21,16.3669
2009-08-24,16.9525
2009-08-25,16.5886
2009-08-26,16.3591
2009-08-27,16.0908
2009-08-28,16.7081
2009-08-31,16.3027
2009-09-01,16.7683
2009-09-02,17.2656
2009-09-03,17.3984
2009-09-04,17.6507
2009-09-07,18.099
2009-09-08,18.2546
2009-09-09,18.0923
2009-09-10,18.6638
2009-09-11,18.8502
2009-09-14,18.3488
2009-09-15,18.5934
2009-09-16,18.7452
2009-09-17,19.2213
2009-09-18,19.384
2009-09-21,19.2102
2009-09-22,19.1472
2009-09-23,18.8818
2009-09-24,18.619
2009-09-25,19.0167
2009-09-28,18.7792
2009-09-29,19.1986
2009-09-30,19.4387
2009-10-01,19.9436
2009-10-02,19.7175
2009-10-05,19.5423
2009-10-06,19.7938
2009-10-07,20.1608
2009-10-08,19.9072
2009-10-09,20.3015
2009-10-12,20.258
2009-10-13,19.8925
2009-10-14,20.3322
2009-10-15,20.5399
2009-10-16,20.683
2009-10-19,20.4897
2009-10-20,20.6041
2009-10-21,20.3266
2009-10-22,19.7348
2009-10-23,19.8009
2009-10-26,19.9209
2009-10-27,19.8554
2009-10-28,19.5145
2009-10-29,18.6403
2009-10-30,18.5605
2009-11-02,18.4481
2009-11-03,18.5703
2009-11-04,19.2252
2009-11-05,18.9143
2009-11-06,18.985
2009-11-09,19.6874
2009-11-10,19.5572
2009-11-11,19.8102
2009-11-12,19.7968
2009-11-13,19.4741
2009-11-16,19.9683
2009-11-17,19.4125
2009-11-18,19.3815
2009-11-19,19.3098
2009-11-20,18.9486
2009-11-23,18.9713
2009-11-24,19.0977
2009-11-25,19.2336
2009-11-26,19.0018
2009-11-27,17.8241
2009-11-30,18.0854
2009-12-01,18.659
2009-12-02,18.639
2009-12-03,18.8001
2009-12-04,18.4899
2009-12-07,18.8122
2009-12-08,18.7404
2009-12-09,18.7207
2009-12-10,18.3886
2009-12-11,18.6246
2009-12-14,18.5443
2009-12-15,18.5545
2009-12-16,18.3295
2009-12-17,18.1659
2009-12-18,18.0666
2009-12-21,17.982
2009-12-22,18.2859
2009-12-23,18.4755
2009-12-24,18.5313
2009-12-25,18.5321
2009-12-28,18.9533
2009-12-29,18.9188
2009-12-30,19.1265
2009-12-31,19.4388
2010-01-04,19.4422
2010-01-05,19.368
2010-01-06,19.7538
2010-01-07,19.6212
2010-01-08,19.8159
2010-01-11,19.8587
2010-01-12,19.7378
2010-01-13,19.3618
2010-01-14,19.3589
2010-01-15,19.4727
2010-01-18,19.3009
2010-01-19,19.1116
2010-01-20,18.6611
2010-01-21,18.4308
2010-01-22,17.9759
2010-01-25,17.7995
2010-01-26,17.1609
2010-01-27,17.0672
2010-01-28,17.3247
2010-01-29,17.1627
2010-02-01,16.6201
2010-02-02,16.3777
2010-02-03,16.783
2010-02-04,16.7874
2010-02-05,15.8771
2010-02-06,15.7569
2010-02-08,15.9567
2010-02-09,16.1711
2010-02-10,16.4359
2010-02-22,17.1381
2010-02-23,17.1023
2010-02-24,16.9782
2010-02-25,16.5801
2010-02-26,16.4492
2010-03-01,16.8943
2010-03-02,16.9803
2010-03-03,17.3311
2010-03-04,16.888
2010-03-05,17.2204
2010-03-08,17.3831
2010-03-09,17.3263
2010-03-10,17.5564
2010-03-11,17.2917
2010-03-12,17.2253
2010-03-15,16.9003
2010-03-16,17.1476
2010-03-17,17.6293
2010-03-18,17.741
2010-03-19,17.7187
2010-03-22,17.4337
2010-03-23,17.4652
2010-03-24,17.2872
2010-03-25,17.2625
2010-03-26,17.4194
2010-03-29,17.4476
2010-03-30,17.5862
2010-03-31,17.2294
2010-04-01,17.4937
2010-04-02,17.5529
2010-04-06,17.6332
2010-04-07,17.7356
2010-04-08,17.826
2010-04-09,18.1304
2010-04-12,18.1795
2010-04-13,17.7206
2010-04-14,17.8006
2010-04-15,17.9981
2010-04-16,17.8365
2010-04-19,17.1691
2010-04-20,17.2372
2010-04-21,17.3853
2010-04-22,17.1928
2010-04-23,17.2406
2010-04-26,17.6205
2010-04-27,17.5635
2010-04-28,17.2207
2010-04-29,17.19
2010-04-30,17.4113
2010-05-03,17.2588
2010-05-04,17.3009
2010-05-05,16.775
2010-05-06,16.5941
2010-05-07,16.3709
2010-05-10,16.4099
2010-05-11,16.3771
2010-05-12,16.4583
2010-05-13,17.1236
2010-05-14,17.2333
2010-05-17,16.717
2010-05-18,16.7318
2010-05-19,16.6062
2010-05-20,16.3524
2010-05-21,15.8764
2010-05-24,15.9354
2010-05-25,15.2056
2010-05-26,15.3598
2010-05-27,15.5955
2010-05-28,15.829
2010-05-31,16.0092
2010-06-01,15.6516
2010-06-02,15.5339
2010-06-03,15.926
2010-06-04,15.7968
2010-06-07,15.3618
2010-06-08,15.5954
2010-06-09,15.3807
2010-06-10,15.9119
2010-06-11,16.1754
2010-06-14,16.4145
2010-06-15,16.5704
2010-06-17,16.677
2010-06-18,16.6385
2010-06-21,17.0636
2010-06-22,17.0127
2010-06-23,16.8646
2010-06-24,16.9915
2010-06-25,16.9983
2010-06-28,17.2164
2010-06-29,16.9408
2010-06-30,16.6745
2010-07-01,16.4713
2010-07-02,17.1466
2010-07-05,17.6048
2010-07-06,17.8445
2010-07-07,17.6561
2010-07-08,17.7274
2010-07-09,17.8056
2010-07-12,17.8655
2010-07-13,17.8206
2010-07-14,18.0927
2010-07-15,18.371
2010-07-16,18.6135
2010-07-19,18.5128
2010-07-20,18.4926
2010-07-21,18.2477
2010-07-22,17.987
2010-07-23,18.1419
2010-07-26,18.3024
2010-07-27,18.096
2010-07-28,18.3285
2010-07-29,18.3655
2010-07-30,18.3874
2010-08-02,19.058
2010-08-03,19.1922
2010-08-04,19.1664
2010-08-05,19.113
2010-08-06,19.2464
2010-08-09,19.7081
2010-08-10,19.4136
2010-08-11,19.0415
2010-08-12,19.1925
2010-08-13,19.4098
2010-08-16,19.3666
2010-08-17,19.139
2010-08-18,18.891
2010-08-19,18.6126
2010-08-20,18.5688
2010-08-23,18.975
2010-08-24,19.0426
2010-08-25,18.473
2010-08-26,18.1858
2010-08-27,18.4043
2010-08-30,18.5026
2010-08-31,18.5651
2010-09-01,18.595
2010-09-02,19.0124
2010-09-03,19.2053
2010-09-06,19.2552
2010-09-07,19.1768
2010-09-08,19.0466
2010-09-09,19.0489
2010-09-10,19.2066
2010-09-13,19.8153
2010-09-14,19.9353
2010-09-15,20.0813
2010-09-16,19.8341
2010-09-17,19.9311
2010-09-20,19.9969
2010-09-21,20.1734
2010-09-23,20.2999
2010-09-24,20.3116
2010-09-27,20.3068
2010-09-28,20.0824
2010-09-29,20.1606
2010-09-30,20.054
2010-10-01,20.0614
2010-10-04,20.1626
2010-10-05,20.0561
2010-10-06,20.2422
2010-10-07,20.4196
2010-10-08,20.4131
2010-10-11,20.3051
2010-10-12,20.1234
2010-10-13,20.2176
2010-10-14,20.4578
2010-10-15,20.5027
2010-10-18,20.0989
2010-10-19,19.9495
2010-10-20,19.8637
2010-10-21,19.9518
2010-10-22,19.9772
2010-10-25,20.0882
2010-10-26,20.1239
2010-10-27,19.9132
2010-10-28,19.9213
2010-10-29,19.7948
2010-11-01,20.0412
2010-11-02,20.0311
2010-11-03,19.9129
2010-11-04,20.1071
2010-11-05,20.4518
2010-11-08,20.6244
2010-11-09,20.5482
2010-11-10,20.4774
2010-11-11,20.5774
2010-11-12,20.2064
2010-11-15,19.9903
2010-11-16,19.9655
2010-11-17,19.6347
2010-11-18,19.6184
2010-11-19,19.5022
2010-11-22,19.6527
2010-11-23,19.3596
2010-11-24,19.3397
2010-11-25,19.5546
2010-11-26,19.3157
2010-11-29,19.432
2010-11-30,19.2498
2010-12-01,20.1295
2010-12-02,20.6284
2010-12-03,20.7743
2010-12-06,21.1446
2010-12-07,21.2161
2010-12-08,21.0505
2010-12-09,21.3302
2010-12-10,21.035
2010-12-13,21.0466
2010-12-14,20.9351
2010-12-15,21.0044
2010-12-16,21.3183
2010-12-17,21.6368
2010-12-20,21.5915
2010-12-21,21.8399
2010-12-22,21.867
2010-12-23,21.8962
2010-12-24,21.7699
2010-12-27,22.6487
2010-12-28,22.7303
2010-12-29,23.7186
2010-12-30,23.4965
2010-12-31,23.8429
2011-01-03,24.3047
2011-01-04,23.6721
2011-01-05,22.991
2011-01-06,23.9993
2011-01-07,23.3011
2011-01-10,23.4667
2011-01-11,23.9608
2011-01-12,24.7063
2011-01-13,25.0474
2011-01-14,25.0898
2011-01-17,24.6505
2011-01-18,24.9214
2011-01-19,25.0461
2011-01-20,25.0432
2011-01-21,24.6886
2011-01-24,24.7406
2011-01-25,25.3333
2011-01-26,25.1644
2011-01-27,25.2424
2011-01-28,25.5832
2011-02-08,25.4683
2011-02-09,24.9838
2011-02-10,23.7179
2011-02-11,22.8243
2011-02-14,23.297
2011-02-15,23.1023
2011-02-16,23.2798
2011-02-17,22.8525
2011-02-18,24.215
2011-02-21,24.0067
2011-02-22,23.4904
2011-02-23,23.2189
2011-02-24,23.345
2011-02-25,22.9541
2011-03-01,23.5027
2011-03-02,23.1234
2011-03-03,23.3817
2011-03-04,23.6066
2011-03-07,23.7097
2011-03-08,23.6825
2011-03-09,23.769
2011-03-10,23.5754
2011-03-11,23.3832
2011-03-14,22.7156
2011-03-15,21.7479
2011-03-16,22.1583
2011-03-17,22.3282
2011-03-18,22.2585
2011-03-21,22.6933
2011-03-22,23.037
2011-03-23,23.3196
2011-03-24,23.3588
2011-03-25,23.4275
2011-03-28,23.373
2011-03-29,23.5646
2011-03-30,23.9356
2011-03-31,24.0536
2011-04-01,23.9868
2011-04-06,24.2355
2011-04-07,24.2522
2011-04-08,24.2478
2011-04-11,23.954
2011-04-12,23.6491
2011-04-13,23.3886
2011-04-14,23.3667
2011-04-15,23.0928
2011-04-18,23.1176
2011-04-19,22.6722
2011-04-20,23.2348
2011-04-21,24.0936
2011-04-22,24.1383
2011-04-25,24.4622
2011-04-26,24.069
2011-04-27,24.7123
2011-04-28,24.7656
2011-04-29,24.7189
2011-05-03,24.7477
2011-05-04,24.6449
2011-05-05,25.0102
2011-05-06,24.81
2011-05-09,25.1783
2011-05-10,25.0971
2011-05-11,25.2421
2011-05-12,24.7513
2011-05-13,24.648
2011-05-16,24.2523
2011-05-17,24.5401
2011-05-18,24.4261
2011-05-19,24.4897
2011-05-20,24.2506
2011-05-23,24.2212
2011-05-24,24.1726
2011-05-25,23.8881
2011-05-26,24.0571
2011-05-27,24.1024
2011-05-30,24.0582
2011-05-31,24.5806
2011-06-01,24.7022
2011-06-02,24.6416
2011-06-03,24.7526
2011-06-07,24.765
2011-06-08,24.3895
2011-06-09,24.5026
2011-06-10,24.0941
2011-06-13,23.7596
2011-06-14,24.1274
2011-06-15,24.1971
2011-06-16,23.9486
2011-06-17,23.7259
2011-06-20,23.6312
2011-06-21,23.7399
2011-06-22,23.7453
2011-06-23,23.5343
2011-06-24,23.453
2011-06-27,23.4334
2011-06-28,23.333
2011-06-29,23.8592
2011-06-30,24.222
2011-07-01,24.5768
2011-07-04,24.5642
2011-07-05,24.3449
2011-07-06,24.6757
2011-07-07,24.7509
2011-07-08,24.5798
2011-07-11,24.7065
2011-07-12,24.3148
2011-07-13,24.5248
2011-07-14,24.4822
2011-07-15,24.7636
2011-07-18,24.9819
2011-07-19,24.8786
2011-07-20,25.1251
2011-07-21,25.0981
2011-07-22,25.4481
2011-07-25,25.3187
2011-07-26,25.722
2011-07-27,25.832
2011-07-28,25.6355
2011-07-29,24.8721
2011-08-01,25.3733
2011-08-02,25.0959
2011-08-03,24.4866
2011-08-04,24.3581
2011-08-05,22.9855
2011-08-08,22.3319
2011-08-09,21.8698
2011-08-10,22.8733
2011-08-11,22.4818
2011-08-12,22.0126
2011-08-15,22.5221
2011-08-16,22.4914
2011-08-17,22.3738
2011-08-18,22.1212
2011-08-19,21.3987
2011-08-22,21.4496
2011-08-23,22.2981
2011-08-24,22.1461
2011-08-25,21.8452
2011-08-26,21.9118
2011-08-29,22.3092
2011-08-30,22.4505
2011-08-31,22.4831
2011-09-01,22.9745
2011-09-02,23.2216
2011-09-05,22.3005
2011-09-06,21.2941
2011-09-07,21.3597
2011-09-08,21.5868
2011-09-09,21.5083
2011-09-13,20.3074
2011-09-14,19.3644
2011-09-15,19.5612
2011-09-16,20.2013
2011-09-19,19.8082
2011-09-20,19.8402
2011-09-21,19.9071
2011-09-22,19.2332
2011-09-23,18.3773
2011-09-26,17.9951
2011-09-27,18.8784
2011-09-28,19.1954
2011-09-29,19.4557
2011-09-30,19.8631
2011-10-03,18.8681
2011-10-04,19.3131
2011-10-05,19.2084
2011-10-06,19.4163
2011-10-07,20.0198
2011-10-11,20.6294
2011-10-12,20.3734
2011-10-13,20.4575
2011-10-14,19.9341
2011-10-17,20.1465
2011-10-18,19.7523
2011-10-19,19.8018
2011-10-20,19.3327
2011-10-21,19.5336
2011-10-24,20.3818
2011-10-25,20.4271
2011-10-26,20.3644
2011-10-27,20.4445
2011-10-28,20.9901
2011-10-31,21.1783
2011-11-01,21.1633
2011-11-02,20.6311
2011-11-03,19.8958
2011-11-04,20.5626
2011-11-07,20.4512
2011-11-08,20.3701
2011-11-09,20.2116
2011-11-10,19.2245
2011-11-11,19.3561
2011-11-14,19.6833
2011-11-15,19.4997
2011-11-16,18.9865
2011-11-17,19.0539
2011-11-18,19.0013
2011-11-21,18.5107
2011-11-22,18.5071
2011-11-23,17.831
2011-11-24,18.3099
2011-11-25,17.8794
2011-11-28,17.969
2011-11-29,18.2991
2011-11-30,17.9366
2011-12-01,19.1313
2011-12-02,19.2835
2011-12-05,19.031
2011-12-06,18.5478
2011-12-07,18.8623
2011-12-08,18.8422
2011-12-09,18.8021
2011-12-12,19.2051
2011-12-13,18.7118
2011-12-14,18.7847
2011-12-15,18.1161
2011-12-16,18.2605
2011-12-19,17.4832
2011-12-20,17.1372
2011-12-21,18.291
2011-12-22,18.6479
2011-12-23,19.3666
2011-12-26,19.1225
2011-12-27,19.1887
2011-12-28,19.2528
2011-12-29,19.1723
2011-12-30,19.1872
2012-01-02,18.6911
2012-01-03,19.3108
2012-01-04,19.3611
2012-01-05,19.3579
2012-01-06,18.9413
2012-01-09,18.8185
2012-01-10,19.324
2012-01-11,19.1404
2012-01-12,19.2619
2012-01-13,19.1766
2012-01-16,18.6603
2012-01-17,18.9589
2012-01-18,18.5567
2012-01-30,19.2251
2012-01-31,20.0205
2012-02-01,20.5525
2012-02-02,20.7941
2012-02-03,20.9659
2012-02-04,21.9505
2012-02-06,21.5374
2012-02-07,21.2947
2012-02-08,21.6924
2012-02-09,21.7094
2012-02-10,21.4943
2012-02-13,21.6635
2012-02-14,21.1441
2012-02-15,21.5298
2012-02-16,21.1252
2012-02-17,21.1169
2012-02-20,21.1652
2012-02-21,20.7833
2012-02-22,20.9903
2012-02-23,20.905
2012-02-24,21.2793
2012-02-29,21.6993
2012-03-01,21.4891
2012-03-02,21.5469
2012-03-03,21.3409
2012-03-05,20.8537
2012-03-06,20.6892
2012-03-07,20.6064
2012-03-08,21.1396
2012-03-09,20.9606
2012-03-12,20.7972
2012-03-13,21.4929
2012-03-14,21.4435
2012-03-15,21.5668
2012-03-16,21.4117
2012-03-19,21.3283
2012-03-20,21.0281
2012-03-21,20.9932
2012-03-22,21.3619
2012-03-23,21.436
2012-03-26,21.0252
2012-03-27,21.118
2012-03-28,21.005
2012-03-29,20.1009
2012-03-30,20.2396
2012-04-02,19.9795
2012-04-03,19.6652
2012-04-05,19.0563
2012-04-06,19.2713
2012-04-09,18.9742
2012-04-10,19.2369
2012-04-11,19.0597
2012-04-12,19.2521
2012-04-13,19.467
2012-04-16,19.1997
2012-04-17,18.9102
2012-04-18,19.1122
2012-04-19,19.3887
2012-04-20,19.0501
2012-04-23,19.0287
2012-04-24,18.8985
2012-04-25,18.9402
2012-04-26,18.9058
2012-04-27,18.7712
2012-04-30,19.0701
2012-05-02,19.3991
2012-05-03,19.2329
2012-05-04,19.4424
2012-05-07,18.8805
2012-05-08,18.9755
2012-05-09,18.6987
2012-05-10,18.9539
2012-05-11,18.6316
2012-05-14,18.6242
2012-05-15,18.2791
2012-05-16,17.6186
2012-05-17,18.0175
2012-05-18,17.5428
2012-05-21,17.7116
2012-05-22,17.954
2012-05-23,17.5062
2012-05-24,17.3704
2012-05-25,17.2578
2012-05-28,17.577
2012-05-29,18.2635
2012-05-30,17.9176
2012-05-31,17.9277
2012-06-01,17.3756
2012-06-04,16.5887
2012-06-05,17.0568
2012-06-06,17.2203
2012-06-07,17.3111
2012-06-08,17.4399
2012-06-11,17.8511
2012-06-12,17.6153
2012-06-13,17.6866
2012-06-14,17.6278
2012-06-15,18.0669
2012-06-18,18.4088
2012-06-19,18.24
2012-06-20,18.5339
2012-06-21,18.2423
2012-06-22,17.912
2012-06-25,17.6831
2012-06-26,17.7862
2012-06-27,17.8308
2012-06-28,17.8108
2012-06-29,18.1301
2012-07-02,18.4566
2012-07-03,18.6545
2012-07-04,18.8936
2012-07-05,18.7555
2012-07-06,18.7191
2012-07-09,18.7378
2012-07-10,18.6435
2012-07-11,18.924
2012-07-12,18.6102
2012-07-13,18.4214
2012-07-16,18.3007
2012-07-17,18.6813
2012-07-18,18.4986
2012-07-19,18.739
2012-07-20,18.7333
2012-07-23,18.2641
2012-07-24,18.2505
2012-07-25,18.2571
2012-07-26,18.292
2012-07-27,18.8864
2012-07-30,19.132
2012-07-31,19.2572
2012-08-01,19.1972
2012-08-03,18.9618
2012-08-06,19.4505
2012-08-07,19.5186
2012-08-08,19.3976
2012-08-09,19.8373
2012-08-10,19.7043
2012-08-13,19.5087
2012-08-14,19.5629
2012-08-15,19.504
2012-08-16,19.5018
2012-08-17,19.4427
2012-08-20,19.4292
2012-08-21,19.7454
2012-08-22,20
2012-08-23,20.1657
2012-08-24,19.975
2012-08-27,19.7989
2012-08-28,19.4941
2012-08-29,19.4941
2012-08-30,19.5288
2012-08-31,19.6484
2012-09-03,19.7435
2012-09-04,19.579
2012-09-05,19.2711
2012-09-06,19.3463
2012-09-07,19.5869
2012-09-10,19.5971
2012-09-11,19.6424
2012-09-12,19.7712
2012-09-13,19.8259
2012-09-14,20.5978
2012-09-17,20.9441
2012-09-18,20.9878
2012-09-19,21.1207
2012-09-20,20.8439
2012-09-21,20.8528
2012-09-24,20.7087
2012-09-25,20.6709
2012-09-26,20.551
2012-09-27,20.6088
2012-09-28,20.6643
2012-10-01,20.4449
2012-10-02,20.5487
2012-10-03,20.3908
2012-10-04,20.5461
2012-10-05,20.5282
2012-10-08,20.2855
2012-10-09,20.2472
2012-10-11,19.6703
2012-10-12,19.5556
2012-10-15,19.6535
2012-10-16,19.8054
2012-10-17,19.7608
2012-10-18,19.6313
2012-10-19,19.4152
2012-10-22,19.2881
2012-10-23,19.1106
2012-10-24,19.0698
2012-10-25,18.9009
2012-10-26,18.3336
2012-10-29,18.1259
2012-10-30,18.4855
2012-10-31,18.3519
2012-11-01,18.235
2012-11-02,18.7792
2012-11-05,18.5986
2012-11-06,18.7151
2012-11-07,18.8737
2012-11-08,18.5679
2012-11-09,18.6585
2012-11-12,18.6498
2012-11-13,18.2736
2012-11-14,18.3366
2012-11-15,18.1362
2012-11-16,18.008
2012-11-19,17.9935
2012-11-20,18.1997
2012-11-21,18.0303
2012-11-22,18.242
2012-11-23,18.9308
2012-11-26,19.2186
2012-11-27,19.5463
2012-11-28,19.6439
2012-11-29,19.6507
2012-11-30,19.8373
2012-12-03,19.9129
2012-12-04,19.8881
2012-12-05,20.0961
2012-12-06,20.1883
2012-12-07,20.2039
2012-12-10,20.1534
2012-12-11,20.2965
2012-12-12,20.5891
2012-12-13,20.8585
2012-12-14,20.6038
2012-12-17,20.5055
2012-12-18,20.61
2012-12-19,20.7124
2012-12-20,20.2886
2012-12-21,20.0452
2012-12-22,20.2036
2012-12-24,20.1773
2012-12-25,20.5268
2012-12-26,20.4075
2012-12-27,20.3134
2012-12-28,20.2853
2013-01-02,20.3743
2013-01-03,20.2441
2013-01-04,19.9595
2013-01-07,20.0244
2013-01-08,19.9056
2013-01-09,19.9237
2013-01-10,20.213
2013-01-11,20.1591
2013-01-14,20.3518
2013-01-15,20.3332
2013-01-16,20.2096
2013-01-17,19.9536
2013-01-18,20.1168
2013-01-21,20.2332
2013-01-22,20.2891
2013-01-23,20.1058
2013-01-24,19.9901
2013-01-25,20.0317
2013-01-28,20.2931
2013-01-29,20.395
2013-01-30,20.7622
2013-01-31,20.9448
2013-02-01,21.0971
2013-02-04,21.8052
2013-02-05,21.8562
2013-02-06,21.8922
2013-02-18,22.079
2013-02-19,21.9275
2013-02-20,22.0878
2013-02-21,21.5861
2013-02-22,21.6674
2013-02-23,21.8844
2013-02-25,21.6568
2013-02-26,21.4479
2013-02-27,21.5343
2013-03-01,21.6125
2013-03-04,21.2386
2013-03-05,21.4383
2013-03-06,21.4026
2013-03-07,21.8302
2013-03-08,22.1711
2013-03-11,22.1497
2013-03-12,21.8787
2013-03-13,21.9656
2013-03-14,21.7941
2013-03-15,21.5222
2013-03-18,21.1426
2013-03-19,21.248
2013-03-20,21.3221
2013-03-21,21.3585
2013-03-22,21.2897
2013-03-25,21.4678
2013-03-26,21.4624
2013-03-27,21.7051
2013-03-28,21.5564
2013-03-29,21.5456
2013-04-01,21.4094
2013-04-02,21.2685
2013-04-03,21.7108
2013-04-08,21.25
2013-04-09,21.1127
2013-04-10,21.1366
2013-04-11,21.3141
2013-04-12,21.2382
2013-04-15,20.9781
2013-04-16,21.0942
2013-04-17,20.7346
2013-04-18,20.7505
2013-04-19,21.1211
2013-04-22,21.2733
2013-04-23,21.2537
2013-04-24,21.4868
2013-04-25,21.3397
2013-04-26,21.1979
2013-04-29,21.2228
2013-04-30,21.3569
2013-05-02,21.353
2013-05-03,21.4648
2013-05-06,21.4208
2013-05-07,21.4588
2013-05-08,21.5932
2013-05-09,21.6786
2013-05-10,21.7543
2013-05-13,21.6559
2013-05-14,21.6221
2013-05-15,21.9205
2013-05-16,22.495
2013-05-17,22.3869
2013-05-20,22.5234
2013-05-21,22.4498
2013-05-22,22.5484
2013-05-23,22.062
2013-05-24,21.9683
2013-05-27,22.2177
2013-05-28,22.2294
2013-05-29,22.6487
2013-05-30,22.3911
2013-05-31,22.8816
2013-06-03,22.4023
2013-06-04,22.1808
2013-06-05,22.0874
2013-06-06,21.8664
2013-06-07,21.8705
2013-06-10,22.1734
2013-06-11,22.2132
2013-06-13,21.9229
2013-06-14,21.9129
2013-06-17,22.0479
2013-06-18,22.0568
2013-06-19,22.089
2013-06-20,21.7356
2013-06-21,21.5985
2013-06-24,21.5779
2013-06-25,21.2389
2013-06-26,21.4748
2013-06-27,21.7297
2013-06-28,22.0853
2013-07-01,22.2097
2013-07-02,22.0688
2013-07-03,21.6217
2013-07-04,21.4837
2013-07-05,21.7238
2013-07-08,21.5615
2013-07-09,21.9261
2013-07-10,22.4515
2013-07-11,22.9546
2013-07-12,22.9625
2013-07-15,23.1754
2013-07-16,23.1465
2013-07-17,23.5341
2013-07-18,23.5278
2013-07-19,23.3738
2013-07-22,23.6059
2013-07-23,24.0702
2013-07-24,24.0641
2013-07-25,23.9074
2013-07-26,23.9123
2013-07-29,23.9466
2013-07-30,24.0402
2013-07-31,23.7997
2013-08-01,23.9537
2013-08-02,23.9729
2013-08-05,23.9116
2013-08-06,23.5164
2013-08-07,23.0362
2013-08-08,23.0719
2013-08-09,22.8155
2013-08-12,23.1358
2013-08-13,23.323
2013-08-14,23.5008
2013-08-15,23.2453
2013-08-16,23.5244
2013-08-19,23.3598
2013-08-20,23.541
2013-08-22,23.302
2013-08-23,23.4848
2013-08-26,23.4411
2013-08-27,23.5196
2013-08-28,23.2808
2013-08-29,23.461
2013-08-30,24.0642
2013-09-02,24.017
2013-09-03,24.4246
2013-09-04,24.7355
2013-09-05,24.9737
2013-09-06,25.0272
2013-09-09,24.8774
2013-09-10,24.7571
2013-09-11,25.09
2013-09-12,25.2755
2013-09-13,25.0333
2013-09-14,24.9186
2013-09-16,25.1881
2013-09-17,25.279
2013-09-18,25.3182
2013-09-23,25.473
2013-09-24,25.2027
2013-09-25,25.1701
2013-09-26,24.8505
2013-09-27,24.9274
2013-09-30,24.4999
2013-10-01,24.5587
2013-10-02,24.6069
2013-10-03,25.0326
2013-10-04,25.1
2013-10-07,25.0859
2013-10-08,25.3538
2013-10-09,25.3814
2013-10-11,25.5879
2013-10-14,25.4103
2013-10-15,25.5373
2013-10-16,25.3981
2013-10-17,25.4254
2013-10-18,25.4251
2013-10-21,25.4156
2013-10-22,25.5179
2013-10-23,25.3207
2013-10-24,25.4111
2013-10-25,25.23
2013-10-28,25.3032
2013-10-29,25.3387
2013-10-30,25.4389
2013-10-31,25.3517
2013-11-01,24.9081
2013-11-04,24.7666
2013-11-05,24.4592
2013-11-06,24.6799
2013-11-07,24.7486
2013-11-08,24.6094
2013-11-11,24.4099
2013-11-12,24.4531
2013-11-13,24.4194
2013-11-14,24.3727
2013-11-15,24.5249
2013-11-18,24.7753
2013-11-19,24.868
2013-11-20,24.7689
2013-11-21,24.4657
2013-11-22,24.7413
2013-11-25,25.0716
2013-11-26,24.8362
2013-11-27,24.8638
2013-11-28,25.1299
2013-11-29,25.1501
2013-12-02,25.229
2013-12-03,25.2622
2013-12-04,25.2206
2013-12-05,25.1665
2013-12-06,24.9897
2013-12-09,25.2797
2013-12-10,25.2434
2013-12-11,25.359
2013-12-12,24.9858
2013-12-13,25.1128
2013-12-16,25.0627
2013-12-17,25.0841
2013-12-18,25.2981
2013-12-19,25.5249
2013-12-20,25.5146
2013-12-23,25.7009
2013-12-24,25.6161
2013-12-25,25.6977
2013-12-26,25.8451
2013-12-27,25.8931
2013-12-30,26.3821
2013-12-31,26.2978
2014-01-02,26.4351
2014-01-03,26.0076
2014-01-06,25.9196
2014-01-07,25.9376
2014-01-08,25.9813
2014-01-09,25.7885
2014-01-10,25.7164
2014-01-13,25.8985
2014-01-14,25.6952
2014-01-15,25.6973
2014-01-16,25.6767
2014-01-17,25.7461
2014-01-20,25.7437
2014-01-21,25.7885
2014-01-22,25.9146
2014-01-23,25.7418
2014-01-24,25.7707
2014-01-27,25.3832
2014-02-05,24.4119
2014-02-06,24.5761
2014-02-07,24.7619
2014-02-10,24.8123
2014-02-11,24.9502
2014-02-12,25.2385
2014-02-13,25.0217
2014-02-14,25.3301
2014-02-17,25.3572
2014-02-18,25.513
2014-02-19,25.6156
2014-02-20,25.4115
2014-02-21,25.6635
2014-02-24,25.1101
2014-02-25,25.0375
2014-02-26,24.9236
2014-02-27,24.9275
2014-03-03,24.5456
2014-03-04,24.368
2014-03-05,24.5344
2014-03-06,24.6839
2014-03-07,24.7274
2014-03-10,24.5209
2014-03-11,24.3616
2014-03-12,24.4191
2014-03-13,24.3919
2014-03-14,24.1512
2014-03-17,24.0661
2014-03-18,24.407
2014-03-19,24.2602
2014-03-20,23.9511
2014-03-21,23.9315
2014-03-24,23.9599
2014-03-25,23.931
2014-03-26,24.0198
2014-03-27,24.2016
2014-03-28,24.2477
2014-03-31,24.2029
2014-04-01,24.2215
2014-04-02,24.2504
2014-04-03,24.151
2014-04-07,24.16
2014-04-08,24.1706
2014-04-09,24.4094
2014-04-10,24.6222
2014-04-11,24.6275
2014-04-14,24.6084
2014-04-15,24.6293
2014-04-16,24.6057
2014-04-17,24.6977
2014-04-18,24.575
2014-04-21,24.3805
2014-04-22,24.3007
2014-04-23,24.3018
2014-04-24,24.1335
2014-04-25,23.8072
2014-04-28,23.7121
2014-04-29,23.8059
2014-04-30,23.5404
2014-05-02,23.74
2014-05-05,23.7198
2014-05-06,23.9814
2014-05-07,23.8097
2014-05-08,24.0781
2014-05-09,23.9583
2014-05-12,23.842
2014-05-13,23.8746
2014-05-14,24.085
2014-05-15,24.1926
2014-05-16,24.3651
2014-05-19,24.464
2014-05-20,24.3545
2014-05-21,24.1001
2014-05-22,24.359
2014-05-23,24.5543
2014-05-26,24.5159
2014-05-27,24.5954
2014-05-28,24.9818
2014-05-29,24.9813
2014-05-30,25.0513
2014-06-03,25.0976
2014-06-04,24.8629
2014-06-05,24.9863
2014-06-06,25.0426
2014-06-09,25.1157
2014-06-10,25.3317
2014-06-11,25.3415
2014-06-12,25.2708
2014-06-13,25.1939
2014-06-16,25.2509
2014-06-17,25.3232
2014-06-18,25.3169
2014-06-19,25.486
2014-06-20,25.3607
2014-06-23,25.4927
2014-06-24,25.6401
2014-06-25,25.5161
2014-06-26,25.6397
2014-06-27,25.6
2014-06-30,25.7809
2014-07-01,25.6976
2014-07-02,25.7929
2014-07-03,25.7737
2014-07-04,25.668
2014-07-07,25.6997
2014-07-08,25.7632
2014-07-09,26.0876
2014-07-10,26.6149
2014-07-11,26.3926
2014-07-14,26.8798
2014-07-15,27.4749
2014-07-16,27.401
2014-07-17,27.4034
2014-07-18,27.3622
2014-07-21,27.3471
2014-07-22,27.3356
2014-07-24,27.58
2014-07-25,27.6586
2014-07-28,27.6806
2014-07-29,27.5915
2014-07-30,27.7239
2014-07-31,27.3124
2014-08-01,26.9127
2014-08-04,26.9257
2014-08-05,26.2231
2014-08-06,26.3814
2014-08-07,26.7807
2014-08-08,26.4982
2014-08-11,26.8808
2014-08-12,26.8371
2014-08-13,27.1893
2014-08-14,27.1058
2014-08-15,27.0065
2014-08-18,26.7177
2014-08-19,27.0203
2014-08-20,27.4266
2014-08-21,27.6804
2014-08-22,28.239
2014-08-25,28.2767
2014-08-26,28.2414
2014-08-27,28.4788
2014-08-28,28.4832
2014-08-29,28.2109
2014-09-01,28.3142
2014-09-02,28.0809
2014-09-03,28.3428
2014-09-04,28.3712
2014-09-05,28.4189
2014-09-09,28.5921
2014-09-10,28.2186
2014-09-11,28.2851
2014-09-12,28.1517
2014-09-15,28.0539
2014-09-16,27.7207
2014-09-17,27.8363
2014-09-18,28.0305
2014-09-19,27.8457
2014-09-22,27.6032
2014-09-23,27.5072
2014-09-24,27.4527
2014-09-25,27.1904
2014-09-26,27.1061
2014-09-29,26.8752
2014-09-30,26.7723
2014-10-01,26.5146
2014-10-02,26.7256
2014-10-03,27.3557
2014-10-06,27.2714
2014-10-07,27.2054
2014-10-08,27.0959
2014-10-09,27.264
2014-10-13,26.679
2014-10-14,26.9594
2014-10-15,26.4288
2014-10-16,26.4966
2014-10-17,26.0429
2014-10-20,26.914
2014-10-21,26.924
2014-10-22,26.982
2014-10-23,26.9115
2014-10-24,26.6195
2014-10-27,26.6769
2014-10-28,27.2822
2014-10-29,27.7659
2014-10-30,27.6704
2014-10-31,27.7959
2014-11-03,27.9066
2014-11-04,27.8471
2014-11-05,27.8263
2014-11-06,27.6157
2014-11-07,27.6331
2014-11-10,27.9573
2014-11-11,27.9286
2014-11-12,27.4506
2014-11-13,27.6786
2014-11-14,27.6639
2014-11-17,27.2943
2014-11-18,27.315
2014-11-19,27.6919
2014-11-20,27.8161
2014-11-21,27.673
2014-11-24,27.8587
2014-11-25,27.7585
2014-11-26,27.7838
2014-11-27,27.8099
2014-11-28,27.849
2014-12-01,27.34
2014-12-02,26.946
2014-12-03,27.5253
2014-12-04,27.6327
2014-12-05,27.8222
2014-12-08,27.7597
2014-12-09,27.5214
2014-12-10,27.1317
2014-12-11,27.079
2014-12-12,27.2602
2014-12-15,27.08
2014-12-16,26.9521
2014-12-17,26.6308
2014-12-18,26.7076
2014-12-19,27.1314
2014-12-22,27.4842
2014-12-23,27.4727
2014-12-24,27.6468
2014-12-25,27.5567
2014-12-26,27.6629
2014-12-27,27.6826
2014-12-29,27.731
2014-12-30,27.6826
2014-12-31,27.7693
2015-01-05,27.4858
2015-01-06,26.8858
2015-01-07,26.9143
2015-01-08,27.376
2015-01-09,27.4901
2015-01-12,27.4576
2015-01-13,27.7082
2015-01-14,27.5114
2015-01-15,27.4308
2015-01-16,27.0632
2015-01-19,27.1884
2015-01-20,27.2271
2015-01-21,27.4601
2015-01-22,27.5979
2015-01-23,27.8316
2015-01-26,27.6894
2015-01-27,27.8445
2015-01-28,27.728
2015-01-29,27.5146
2015-01-30,27.4774
2015-02-02,27.5604
2015-02-03,27.6283
2015-02-04,27.9781
2015-02-05,28.0885
2015-02-06,27.9922
2015-02-09,27.9409
2015-02-10,27.9742
2015-02-11,28.0342
2015-02-12,28.01
2015-02-13,28.0679
2015-02-24,28.3645
2015-02-25,28.4665
2015-02-26,28.3816
2015-03-02,28.1719
2015-03-03,28.1361
2015-03-04,28.265
2015-03-05,27.8699
2015-03-06,28.1255
2015-03-09,27.8853
2015-03-10,27.8394
2015-03-11,27.6592
2015-03-12,28.1753
2015-03-13,28.0133
2015-03-16,27.863
2015-03-17,27.8645
2015-03-18,28.0757
2015-03-19,28.1442
2015-03-20,28.22
2015-03-23,28.1551
2015-03-24,27.9646
2015-03-25,27.9065
2015-03-26,27.9137
2015-03-27,27.6832
2015-03-30,27.8198
2015-03-31,28.0619
2015-04-01,27.8686
2015-04-02,28.0129
2015-04-07,28.1434
2015-04-08,27.9793
2015-04-09,28.2563
2015-04-10,28.2892
2015-04-13,28.456
2015-04-14,28.6072
2015-04-15,28.6611
2015-04-16,29.0347
2015-04-17,28.9758
2015-04-20,28.997
2015-04-21,28.9811
2015-04-22,29.2324
2015-04-23,30.7094
2015-04-24,31.4741
2015-04-27,32.5375
2015-04-28,32.677
2015-04-29,32.0429
2015-04-30,31.8296
2015-05-04,32.0924
2015-05-05,32.0365
2015-05-06,31.6887
2015-05-07,30.5417
2015-05-08,30.7423
2015-05-11,30.6656
2015-05-12,30.894
2015-05-13,30.749
2015-05-14,30.0889
2015-05-15,30.1377
2015-05-18,30.28
2015-05-19,30.862
2015-05-20,30.8391
2015-05-21,30.319
2015-05-22,30.7077
2015-05-25,30.5206
2015-05-26,30.8504
2015-05-27,31.8793
2015-05-28,31.5169
2015-05-29,31.3692
2015-06-01,31.0775
2015-06-02,30.9775
2015-06-03,31.2268
2015-06-04,30.6054
2015-06-05,30.8926
2015-06-08,31.0253
2015-06-09,30.6663
2015-06-10,31.1808
2015-06-11,30.8711
2015-06-12,31.1151
2015-06-15,31.0496
2015-06-16,30.9481
2015-06-17,30.8433
2015-06-18,30.8532
2015-06-22,31.1969
2015-06-23,31.2642
2015-06-24,31.1147
2015-06-25,31.4799
2015-06-26,31.5417
2015-06-29,30.8623
2015-06-30,31.0401
2015-07-01,31.1375
2015-07-02,31.3145
2015-07-03,31.3071
2015-07-06,30.7025
2015-07-07,31.2562
2015-07-08,30.1705
2015-07-09,29.6579
2015-07-13,30.1174
2015-07-14,30.6019
2015-07-15,30.6852
2015-07-16,31.1158
2015-07-17,30.9396
2015-07-20,30.8274
2015-07-21,30.6401
2015-07-22,30.6842
2015-07-23,30.3926
2015-07-24,30.4853
2015-07-27,29.6064
2015-07-28,29.3615
2015-07-29,29.3734
2015-07-30,29.9317
2015-07-31,30.026
2015-08-03,30.2703
2015-08-04,30.53
2015-08-05,30.92
2015-08-06,30.7541
2015-08-07,30.5963
2015-08-10,30.4582
2015-08-11,30.1163
2015-08-12,28.4588
2015-08-13,28.4045
2015-08-14,29.3124
2015-08-17,28.717
2015-08-18,28.1844
2015-08-19,27.5083
2015-08-20,27.7574
2015-08-21,27.1385
2015-08-24,26.1426
2015-08-25,27.1712
2015-08-26,28.1303
2015-08-27,28.1797
2015-08-28,28.5836
2015-08-31,28.754
2015-09-01,28.4113
2015-09-02,28.1851
2015-09-03,28.0844
2015-09-04,27.6671
2015-09-07,27.6605
2015-09-08,27.5242
2015-09-09,28.6601
2015-09-10,28.6024
2015-09-11,28.6267
2015-09-14,28.6941
2015-09-15,28.4826
2015-09-16,28.4366
2015-09-17,28.8276
2015-09-18,28.7043
2015-09-21,27.6834
2015-09-22,27.8832
2015-09-23,27.4864
2015-09-24,27.1946
2015-09-25,26.6714
2015-09-30,26.6962
2015-10-01,26.8416
2015-10-02,26.8965
2015-10-05,27.0471
2015-10-06,27.3132
2015-10-07,27.4104
2015-10-08,27.2116
2015-10-12,27.6759
2015-10-13,27.7438
2015-10-14,27.8546
2015-10-15,27.8024
2015-10-16,28.0285
2015-10-19,28.5195
2015-10-20,28.3438
2015-10-21,27.9667
2015-10-22,28.0555
2015-10-23,28.1599
2015-10-26,28.2521
2015-10-27,28.1465
2015-10-28,27.8362
2015-10-29,27.5667
2015-10-30,27.4714
2015-11-02,27.7958
2015-11-03,28.1021
2015-11-04,28.4229
2015-11-05,28.4309
2015-11-06,27.935
2015-11-09,27.9497
2015-11-10,27.5356
2015-11-11,27.4318
2015-11-12,27.4993
2015-11-13,27.3899
2015-11-16,27.147
2015-11-17,27.4172
2015-11-18,27.4559
2015-11-19,27.5779
2015-11-20,27.4447
2015-11-23,27.412
2015-11-24,27.2886
2015-11-25,27.2703
2015-11-26,27.3959
2015-11-27,27.1936
2015-11-30,26.816
2015-12-01,27.4524
2015-12-02,27.4533
2015-12-03,27.5611
2015-12-04,27.027
2015-12-07,27.0731
2015-12-08,26.7373
2015-12-09,26.3609
2015-12-10,26.2794
2015-12-11,25.8465
2015-12-14,25.6305
2015-12-15,25.7749
2015-12-16,25.936
2015-12-17,26.4995
2015-12-18,25.9687
2015-12-21,25.8423
2015-12-22,26.0966
2015-12-23,26.3569
2015-12-24,26.3229
2015-12-25,26.4425
2015-12-28,26.39
2015-12-29,26.2634
2015-12-30,26.0605
2015-12-31,26.317
2016-01-04,25.637
2016-01-05,25.6327
2016-01-06,25.5001
2016-01-07,24.9096
2016-01-08,24.8876
2016-01-11,23.973
2016-01-12,23.7803
2016-01-13,23.8036
2016-01-14,23.3885
2016-01-15,22.8623
2016-01-18,22.891
2016-01-19,23.0433
2016-01-20,22.4286
2016-01-21,22.1029
2016-01-22,22.2746
2016-01-25,23.0817
2016-01-26,22.8219
2016-01-27,22.672
2016-01-28,22.7028
2016-01-29,23.8121
2016-01-30,24.6104
2016-02-01,24.1374
2016-02-02,23.685
2016-02-03,23.3261
2016-02-15,23.1426
2016-02-16,23.6996
2016-02-17,23.4667
2016-02-18,23.9588
2016-02-19,24.0577
2016-02-22,24.0353
2016-02-23,24.038
2016-02-24,23.898
2016-02-25,24.043
2016-02-26,24.3342
2016-03-01,24.3394
2016-03-02,24.5628
2016-03-03,25.2798
2016-03-04,25.6128
2016-03-07,25.7959
2016-03-08,25.6408
2016-03-09,25.5518
2016-03-10,25.5868
2016-03-11,25.8096
2016-03-14,25.9053
2016-03-15,25.4027
2016-03-16,25.5834
2016-03-17,25.9083
2016-03-18,25.9009
2016-03-21,25.8463
2016-03-22,25.6418
2016-03-23,25.6646
2016-03-24,25.7372
2016-03-25,25.5749
2016-03-28,25.5305
2016-03-29,25.3361
2016-03-30,25.7451
2016-03-31,25.6961
2016-04-01,25.4795
2016-04-06,24.9424
2016-04-07,24.5814
2016-04-08,24.7468
2016-04-11,24.6739
2016-04-12,24.5471
2016-04-13,24.889
2016-04-14,24.9782
2016-04-15,25.1309
2016-04-18,25.1485
2016-04-19,25.0384
2016-04-20,24.7333
2016-04-21,24.8072
2016-04-22,24.7981
2016-04-25,25.0425
2016-04-26,25.191
2016-04-27,25.2053
2016-04-28,24.8676
2016-04-29,24.8597
2016-05-03,24.7734
2016-05-04,24.5201
2016-05-05,24.2634
2016-05-06,23.8843
2016-05-09,23.8589
2016-05-10,24.0556
2016-05-11,23.7464
2016-05-12,23.8019
2016-05-13,23.7532
2016-05-16,23.9445
2016-05-17,24.36
2016-05-18,24.259
2016-05-19,24.0831
2016-05-20,24.1536
2016-05-23,24.5914
2016-05-24,24.3862
2016-05-25,24.8129
2016-05-26,24.7123
2016-05-27,25.0721
2016-05-30,25.4056
2016-05-31,25.54
2016-06-01,25.5408
2016-06-02,25.4128
2016-06-03,25.5397
2016-06-04,25.4414
2016-06-06,25.4518
2016-06-07,25.5323
2016-06-08,25.823
2016-06-13,24.9928
2016-06-14,25.2421
2016-06-15,25.2611
2016-06-16,24.9772
2016-06-17,25.2915
2016-06-20,25.4903
2016-06-21,25.5047
2016-06-22,25.5295
2016-06-23,25.4369
2016-06-24,25.1735
2016-06-27,25.0426
2016-06-28,25.1473
2016-06-29,25.3784
2016-06-30,25.568
2016-07-01,25.6071
2016-07-04,25.7151
2016-07-05,25.8912
2016-07-06,25.489
2016-07-07,25.3511
2016-07-11,25.827
2016-07-12,26.0793
2016-07-13,26.2155
2016-07-14,26.2259
2016-07-15,26.6202
2016-07-18,26.9428
2016-07-19,27.0802
2016-07-20,26.9255
2016-07-21,27.024
2016-07-22,26.7801
2016-07-25,26.9064
2016-07-26,27.1494
2016-07-27,27.3239
2016-07-28,27.6197
2016-07-29,27.3459
2016-08-01,27.5491
2016-08-02,27.5405
2016-08-03,27.2868
2016-08-04,27.3187
2016-08-05,27.5612
2016-08-08,27.7436
2016-08-09,27.8267
2016-08-10,28.0901
2016-08-11,28.066
2016-08-12,28.2014
2016-08-15,28.2675
2016-08-16,28.3397
2016-08-17,28.2773
2016-08-18,28.9324
2016-08-19,28.4425
2016-08-22,28.3632
2016-08-23,28.3224
2016-08-24,28.0179
2016-08-25,28.5714
2016-08-26,28.5745
2016-08-29,28.4734
2016-08-30,28.4405
2016-08-31,27.9217
2016-09-01,27.9013
2016-09-02,27.9708
2016-09-05,28.2974
2016-09-06,28.4613
2016-09-07,28.601
2016-09-08,28.5122
2016-09-09,28.2901
2016-09-10,27.986
2016-09-12,27.8049
2016-09-13,27.5619
2016-09-14,27.289
2016-09-19,27.8568
2016-09-20,27.882
2016-09-21,27.9344
2016-09-22,27.9459
2016-09-23,28.1688
2016-09-26,27.9223
2016-09-29,28.137
2016-09-30,27.8093
2016-10-03,28.0363
2016-10-04,28.1482
2016-10-05,28.1003
2016-10-06,28.1241
2016-10-07,28.0716
2016-10-11,27.8839
2016-10-12,28.2554
2016-10-13,27.9376
2016-10-14,27.9009
2016-10-17,27.7676
2016-10-18,27.9934
2016-10-19,28.0903
2016-10-20,28.2805
2016-10-21,28.372
2016-10-24,28.2423
2016-10-25,28.2781
2016-10-26,28.1327
2016-10-27,28.0305
2016-10-28,28.2145
2016-10-31,28.1578
2016-11-01,28.1715
2016-11-02,28.014
2016-11-03,27.7608
2016-11-04,27.7873
2016-11-07,27.8861
2016-11-08,28.1035
2016-11-09,27.4276
2016-11-10,27.9615
2016-11-11,27.6186
2016-11-14,27.8021
2016-11-15,28.0318
2016-11-16,28.1244
2016-11-17,28.2886
2016-11-18,28.0598
2016-11-21,28.2413
2016-11-22,28.363
2016-11-23,28.4378
2016-11-24,28.5984
2016-11-25,28.5154
2016-11-28,28.785
2016-11-29,28.466
2016-11-30,28.6824
2016-12-01,28.7052
2016-12-02,28.6525
2016-12-05,28.4435
2016-12-06,28.5772
2016-12-07,28.6119
2016-12-08,29.1365
2016-12-09,29.3557
2016-12-12,29.1838
2016-12-13,29.3874
2016-12-14,29.1173
2016-12-15,29.2608
2016-12-16,29.1967
2016-12-19,28.9469
2016-12-20,28.936
2016-12-21,28.8
2016-12-22,28.5895
2016-12-23,28.4689
2016-12-26,28.6328
2016-12-27,28.5272
2016-12-28,28.7465
2016-12-29,28.6247
2016-12-30,28.9155
2017-01-03,28.9542
2017-01-04,29.0152
2017-01-05,29.2164
2017-01-06,29.232
2017-01-09,29.0893
2017-01-10,29.0771
2017-01-11,29.2037
2017-01-12,29.4288
2017-01-13,29.3585
2017-01-16,29.0038
2017-01-17,29.177
2017-01-18,29.1304
2017-01-19,28.9157
2017-01-20,28.9321
2017-01-23,29.142
2017-01-24,29.1873
2017-02-02,29.0198
2017-02-03,29.0278
2017-02-06,29.427
2017-02-07,29.5105
2017-02-08,29.3676
2017-02-09,29.6021
2017-02-10,29.8993
2017-02-13,30.0733
2017-02-14,30.0428
2017-02-15,30.2132
2017-02-16,30.3459
2017-02-17,30.2228
2017-02-18,30.2783
2017-02-20,30.0786
2017-02-21,30.0182
2017-02-22,30.0066
2017-02-23,29.8766
2017-02-24,29.9178
2017-03-01,29.8497
2017-03-02,29.8577
2017-03-03,29.6492
2017-03-06,29.7073
2017-03-07,29.7988
2017-03-08,29.845
2017-03-09,29.7619
2017-03-10,29.7951
2017-03-13,29.9155
2017-03-14,30.0641
2017-03-15,30.1144
2017-03-16,30.1611
2017-03-17,30.375
2017-03-20,30.2977
2017-03-21,30.3451
2017-03-22,30.2421
2017-03-23,30.3071
2017-03-24,30.2395
2017-03-27,30.093
2017-03-28,29.96
2017-03-29,30.0411
2017-03-30,30.0684
2017-03-31,30.0651
2017-04-05,30.2958
2017-04-06,30.2337
2017-04-07,30.1583
2017-04-10,30.1667
2017-04-11,30.1258
2017-04-12,30.192
2017-04-13,30.1881
2017-04-14,29.7699
2017-04-17,29.7381
2017-04-18,29.8716
2017-04-19,29.4986
2017-04-20,29.4686
2017-04-21,29.6435
2017-04-24,29.6
2017-04-25,30.0427
2017-04-26,30.1504
2017-04-27,30.0908
2017-04-28,30.0502
2017-05-02,30.2113
2017-05-03,30.344
2017-05-04,30.3203
2017-05-05,30.2391
2017-05-08,30.3117
2017-05-09,30.1529
2017-05-10,30.2589
2017-05-11,30.3518
2017-05-12,30.4631
2017-05-15,30.5932
2017-05-16,30.7823
2017-05-17,30.8316
2017-05-18,30.6727
2017-05-19,30.4963
2017-05-22,30.5879
2017-05-23,30.4678
2017-05-24,30.44
2017-05-25,30.7327
2017-05-26,30.8078
2017-05-31,30.4463
2017-06-01,30.4855
2017-06-02,30.6325
2017-06-03,30.686
2017-06-05,30.7225
2017-06-06,30.6197
2017-06-07,30.6088
2017-06-08,30.6542
2017-06-09,30.5399
2017-06-12,30.5007
2017-06-13,30.5629
2017-06-14,30.4491
2017-06-15,30.552
2017-06-16,30.4464
2017-06-19,30.629
2017-06-20,30.7461
2017-06-21,30.6031
2017-06-22,30.6329
2017-06-23,30.5799
2017-06-26,31.0659
2017-06-27,31.1657
2017-06-28,30.9944
2017-06-29,31.3033
2017-06-30,31.373
2017-07-03,31.3875
2017-07-04,31.6372
2017-07-05,31.7602
2017-07-06,31.631
2017-07-07,31.3379
2017-07-10,31.4229
2017-07-11,31.6958
2017-07-12,31.7982
2017-07-13,32.1429
2017-07-14,32.3336
2017-07-17,32.4586
2017-07-18,32.2791
2017-07-19,32.7617
2017-07-20,32.6517
2017-07-21,32.4306
2017-07-24,32.3259
2017-07-25,32.2243
2017-07-26,32.2201
2017-07-27,32.5341
2017-07-28,32.3676
2017-07-31,32.2735
2017-08-01,32.2253
2017-08-02,32.4517
2017-08-03,32.2167
2017-08-04,32.4774
2017-08-07,32.6921
2017-08-08,32.6536
2017-08-09,32.6964
2017-08-10,32.2998
2017-08-11,32.4392
2017-08-14,32.277
2017-08-15,32.4615
2017-08-16,32.5886
2017-08-17,32.8913
2017-08-18,32.6831
2017-08-21,32.6076
2017-08-22,32.7151
2017-08-23,32.8709
2017-08-24,32.9637
2017-08-25,33.0804
2017-08-28,33.1341
2017-08-29,33.0479
2017-08-30,33.2488
2017-08-31,33.2464
2017-09-01,33.2143
2017-09-04,33.0303
2017-09-05,33.0682
2017-09-06,32.9066
2017-09-07,32.6841
2017-09-08,33.118
2017-09-11,33.0401
2017-09-12,33.1819
2017-09-13,33.0227
2017-09-14,32.943
2017-09-15,33.1954
2017-09-18,33.291
2017-09-19,33.0682
2017-09-20,32.8492
2017-09-21,32.934
2017-09-22,32.7823
2017-09-25,32.4278
2017-09-26,32.4744
2017-09-27,32.5471
2017-09-28,32.4937
2017-09-29,32.4311
2017-09-30,32.5503
2017-10-02,32.5481
2017-10-03,32.6824
2017-10-05,32.6954
2017-10-06,32.9397
2017-10-11,33.035
2017-10-12,33.0016
2017-10-13,33.077
2017-10-16,33.1286
2017-10-17,33.2205
2017-10-18,32.9606
2017-10-19,33.0884
2017-10-20,33.0173
2017-10-23,33.0482
2017-10-24,32.9974
2017-10-25,33.0814
2017-10-26,32.9069
2017-10-27,33.0668
2017-10-30,33.0162
2017-10-31,32.9781
2017-11-01,33.0723
2017-11-02,33.1379
2017-11-03,33.2119
2017-11-06,33.134
2017-11-07,33.0713
2017-11-08,33.077
2017-11-09,33.034
2017-11-10,32.9846
2017-11-13,33.0101
2017-11-14,33.1236
2017-11-15,33.0284
2017-11-16,32.9411
2017-11-17,33.1925
2017-11-20,33.2977
2017-11-21,33.7639
2017-11-22,34.3201
2017-11-23,34.3234
2017-11-24,34.0695
2017-11-27,33.7893
2017-11-28,33.9677
2017-11-29,33.9966
2017-11-30,33.8204
2017-12-01,34.1996
2017-12-04,34.5545
2017-12-05,34.5275
2017-12-06,34.0672
2017-12-07,33.7892
2017-12-08,34.0586
2017-12-11,34.0216
2017-12-12,34.1187
2017-12-13,34.2134
2017-12-14,34.6068
2017-12-15,34.4089
2017-12-18,34.4605
2017-12-19,34.376
2017-12-20,34.4464
2017-12-21,34.1922
2017-12-22,34.4235
2017-12-25,34.2765
2017-12-26,34.068
2017-12-27,34.4037
2017-12-28,34.4225
2017-12-29,34.6347
2018-01-02,34.5813
2018-01-03,35.0456
2018-01-04,34.9744
2018-01-05,35.2486
2018-01-08,35.8909
2018-01-09,35.8075
2018-01-10,36.1066
2018-01-11,36.011
2018-01-12,36.0947
2018-01-15,36.4772
2018-01-16,36.3514
2018-01-17,36.4439
2018-01-18,36.4328
2018-01-19,36.3554
2018-01-22,36.4099
2018-01-23,36.0032
2018-01-24,35.7219
2018-01-25,35.9544
2018-01-26,35.8063
2018-01-29,35.8689
2018-01-30,35.6003
2018-01-31,35.6472
2018-02-01,35.6667
2018-02-02,35.6464
2018-02-05,35.0498
2018-02-06,33.401
2018-02-07,34.0601
2018-02-08,34.4138
2018-02-09,34.0074
2018-02-12,34.4188
2018-02-21,35.1701
2018-02-22,35.2139
2018-02-23,35.3506
2018-02-26,35.5264
2018-02-27,35.3407
2018-03-01,35.4675
2018-03-02,35.4093
2018-03-05,35.199
2018-03-06,35.4819
2018-03-07,35.3201
2018-03-08,35.4381
2018-03-09,35.5423
2018-03-12,35.9293
2018-03-13,35.9812
2018-03-14,35.7716
2018-03-15,35.6035
2018-03-16,35.5044
2018-03-19,35.797
2018-03-20,35.6621
2018-03-21,35.6901
2018-03-22,35.783
2018-03-23,35.1927
2018-03-26,35.2049
2018-03-27,35.4145
2018-03-28,35.2453
2018-03-29,35.2007
2018-03-30,35.3747
2018-03-31,35.3625
2018-04-02,35.2977
2018-04-03,35.1506
2018-04-09,35.3684
2018-04-10,35.7085
2018-04-11,36.0777
2018-04-12,36.1164
2018-04-13,36.2354
2018-04-16,36.2005
2018-04-17,35.7675
2018-04-18,36.1175
2018-04-19,36.4115
2018-04-20,36.4508
2018-04-23,36.3284
2018-04-24,36.3169
2018-04-25,36.3992
2018-04-26,36.6081
2018-04-27,36.7647
2018-04-30,37.0316
2018-05-02,36.9323
2018-05-03,36.6549
2018-05-04,36.5502
2018-05-07,36.6644
2018-05-08,36.8472
2018-05-09,36.9743
2018-05-10,36.9938
2018-05-11,37.4792
2018-05-14,37.7791
2018-05-15,37.6202
2018-05-16,37.7712
2018-05-17,37.7805
2018-05-18,37.8776
2018-05-21,38.0744
2018-05-22,37.9901
2018-05-23,37.8254
2018-05-24,37.8784
2018-05-25,37.8809
2018-05-28,37.9004
2018-05-29,37.7943
2018-05-30,37.0094
2018-05-31,37.1543
2018-06-01,37.3429
2018-06-04,37.6568
2018-06-05,38.0522
2018-06-06,38.4771
2018-06-07,38.6333
2018-06-08,38.5257
2018-06-11,38.536
2018-06-12,38.3422
2018-06-13,38.3386
2018-06-14,37.5692
2018-06-15,37.8728
2018-06-19,37.1306
2018-06-20,37.3529
2018-06-21,37.165
2018-06-22,37.1887
2018-06-25,37.3233
2018-06-26,37.2735
2018-06-27,37.2029
2018-06-28,37.0445
2018-06-29,37.4689
2018-07-02,37.2301
2018-07-03,37.0365
2018-07-04,37.1658
2018-07-05,37.038
2018-07-06,36.9615
2018-07-09,37.1538
2018-07-10,37.1897
2018-07-11,37.2848
2018-07-12,37.728
2018-07-13,37.9211
2018-07-16,37.8247
2018-07-17,37.7459
2018-07-18,37.8783
2018-07-19,37.7169
2018-07-20,37.8879
2018-07-23,38.0601
2018-07-24,38.2715
2018-07-25,38.4003
2018-07-26,38.8437
2018-07-27,38.7674
2018-07-30,38.6769
2018-07-31,39.2939
2018-08-01,39.5427
2018-08-02,39.0101
2018-08-03,39.497
2018-08-06,39.9604
2018-08-07,40.045
2018-08-08,40.5104
2018-08-09,40.2788
2018-08-10,40.4258
2018-08-13,39.6752
2018-08-14,40.1618
2018-08-15,40.1067
2018-08-16,40.0398
2018-08-17,40.205
2018-08-20,40.2736
2018-08-21,40.5635
2018-08-22,40.8813
2018-08-23,41.0044
2018-08-24,40.87
2018-08-27,40.8813
2018-08-28,41.1698
2018-08-29,41.2587
2018-08-30,40.9135
2018-08-31,41.2714
2018-09-03,40.8303
2018-09-04,41.0064
2018-09-05,40.4206
2018-09-06,40.2199
2018-09-07,40.4202
2018-09-10,40.4568
2018-09-11,40.7076
2018-09-12,40.4841
2018-09-13,40.6068
2018-09-14,40.7325
2018-09-17,40.7526
2018-09-18,40.8434
2018-09-19,41.14
2018-09-20,41.2872
2018-09-21,42.0696
2018-09-25,42.2603
2018-09-26,42.0154
2018-09-27,42.6257
2018-09-28,42.552
2018-10-01,42.5516
2018-10-02,42.1247
2018-10-03,41.9344
2018-10-04,42.0196
2018-10-05,41.6857
2018-10-08,41.6675
2018-10-09,41.9171
2018-10-11,39.6401
2018-10-12,40.1796
2018-10-15,39.4605
2018-10-16,39.2372
2018-10-17,39.2664
2018-10-18,39.3524
2018-10-19,39.2194
2018-10-22,39.0923
2018-10-23,38.6864
2018-10-24,38.1545
2018-10-25,37.2131
2018-10-26,37.1643
2018-10-29,36.9734
2018-10-30,37.3139
2018-10-31,38.4669
2018-11-01,38.1293
2018-11-02,38.967
2018-11-05,38.9587
2018-11-06,39.0042
2018-11-07,39.4134
2018-11-08,39.7592
2018-11-09,39.5816
2018-11-12,39.4585
2018-11-13,39.2373
2018-11-14,39.2869
2018-11-15,39.3729
2018-11-16,39.6992
2018-11-19,39.7666
2018-11-20,39.3016
2018-11-21,39.1259
2018-11-22,38.9262
2018-11-23,38.712
2018-11-26,38.7743
2018-11-27,38.7417
2018-11-28,38.8445
2018-11-29,38.6789
2018-11-30,38.8597
2018-12-03,39.2298
2018-12-04,39.1081
2018-12-05,38.6128
2018-12-06,38.3333
2018-12-07,38.2435
2018-12-10,37.8605
2018-12-11,37.9433
2018-12-12,38.0323
2018-12-13,38.3793
2018-12-14,38.531
2018-12-17,38.2183
2018-12-18,37.7336
2018-12-19,38.0166
2018-12-20,37.6215
2018-12-21,37.5962
2018-12-22,37.6031
2018-12-24,37.6492
2018-12-25,37.4184
2018-12-26,37.4565
2018-12-27,37.8771
2018-12-28,37.9913
2019-01-02,37.6647
2019-01-03,37.6675
2019-01-04,37.518
2019-01-07,38.0919
2019-01-08,37.9891
2019-01-09,38.6126
2019-01-10,38.7124
2019-01-11,38.7795
2019-01-14,38.7133
2019-01-15,39.016
2019-01-16,38.9149
2019-01-17,38.8585
2019-01-18,39.002
2019-01-21,39.441
2019-01-22,39.554
2019-01-23,39.2997
2019-01-24,39.4887
2019-01-25,39.6587
2019-01-28,39.8777
2019-01-29,39.7564
2019-01-30,39.9367
2019-02-11,39.7395
2019-02-12,39.9662
2019-02-13,40.2396
2019-02-14,40.1579
2019-02-15,39.7838
2019-02-18,40.0379
2019-02-19,39.9513
2019-02-20,40.2083
2019-02-21,40.3224
2019-02-22,40.457
2019-02-25,40.5828
2019-02-26,40.6031
2019-02-27,40.7248
2019-03-04,40.5714
2019-03-05,40.5915
2019-03-06,40.5829
2019-03-07,40.677
2019-03-08,40.3432
2019-03-11,40.4229
2019-03-12,40.8498
2019-03-13,40.8586
2019-03-14,40.7857
2019-03-15,41.062
2019-03-18,41.557
2019-03-19,41.6412
2019-03-20,41.7483
2019-03-21,41.8493
2019-03-22,41.9064
2019-03-25,41.4922
2019-03-26,41.659
2019-03-27,41.4007
2019-03-28,41.4613
2019-03-29,41.7475
2019-04-01,41.6002
2019-04-02,41.7892
2019-04-03,41.7145
2019-04-08,41.8783
2019-04-09,42.1103
2019-04-10,41.9117
2019-04-11,41.9886
2019-04-12,41.8763
2019-04-15,41.8301
2019-04-16,41.883
2019-04-17,41.8263
2019-04-18,41.7372
2019-04-19,41.8969
2019-04-22,41.9718
2019-04-23,42.0686
2019-04-24,42.1146
2019-04-25,42.1354
2019-04-26,42.3891
2019-04-29,43.1468
2019-04-30,43.2796
2019-05-02,43.5349
2019-05-03,43.7481
2019-05-06,43.1432
2019-05-07,43.301
2019-05-08,42.9014
2019-05-09,42.4923
2019-05-10,42.741
2019-05-13,42.7098
2019-05-14,42.37
2019-05-15,42.3525
2019-05-16,42.1402
2019-05-17,42.1826
2019-05-20,42.6434
2019-05-21,43.2831
2019-05-22,43.1162
2019-05-23,42.9705
2019-05-24,43.1045
2019-05-27,43.2765
2019-05-28,43.4616
2019-05-29,43.3596
2019-05-30,43.8995
2019-05-31,44.1574
2019-06-03,44.052
2019-06-04,44.056
2019-06-05,44.1341
2019-06-06,44.4194
2019-06-10,44.5788
